{"cameraMode":{"drawMode":0,"name":"Shaded","section":"Shading Mode"},"sceneLighting":false,"audioPlay":false,"sceneViewState":{"m_AlwaysRefresh":false,"showFog":false,"showSkybox":false,"showFlares":false,"showImageEffects":false,"showParticleSystems":false,"showVisualEffectGraphs":true,"m_FxEnabled":true},"in2DMode":false,"pivot":{"x":-0.6477361917495728,"y":0.8931987285614014,"z":2.2526423931121828},"rotation":{"x":0.08345451951026917,"y":-0.9154118895530701,"z":0.30165019631385805,"w":0.25332218408584597},"size":1.117052674293518,"orthographic":false}